wl,cache_size,cache_type,model,storage_cost,compute_cost,total_cost,result_size
wl1,8,s3,hybrid,0.009345131302088522,0.11411150234902577,0.1234566336511143,1111010233.8029735
wl1,8,gp3,hybrid,0.01971234067257262,0.08783855904377422,0.10755089971634683,1111010233.8029735
