{
    "size": 967,
    "repetitiveness": 0.4881,
    "query_type_frequencies": {
        "select": 0.6846,
        "insert": 0.3154,
        "update": 0.0,
        "delete": 0.0
    },
    "spikiness": 0.41126246026497004,
    "std_dev": 0.244473795606123
}