{
    "size": 1000,
    "query_config": {
        "query_type_p": {
            "select": 0.75,
            "insert": 0.125,
            "update": 0.025,
            "delete": 0.1
        },
        "bytes_scanned": {
            "lower_bound_mb": 600,
            "upper_bound_gb": 250
        },
        "result_size": {
            "lower_bound_mb": 0.0001,
            "upper_bound_gb": 0.001
        },
        "write_volume": {
            "lower_bound_mb": 0.1,
            "upper_bound_gb": 0.001
        },
        "max_num_read_tables": 10,
        "read_tables_distribution": {
            "1": 0.5,
            "2": 0.2,
            "3": 0.1,
            "4": 0.2
        },
        "db_access_dist": {
            "0": 1.0
        },
        "ir_scale": 1.0,
        "db_count": 1
    },
    "scheduler_config": {
        "hourly_distribution_r": {
            "1": {
                "p": 0.0518427894173421,
                "tables_count": 10
            },
            "2": {
                "p": 0.009940357852882704,
                "tables_count": 10
            },
            "3": {
                "p": 0.09450986389356171,
                "tables_count": 10
            },
            "4": {
                "p": 0.016822144058724574,
                "tables_count": 10
            },
            "5": {
                "p": 0.011469643676403119,
                "tables_count": 10
            },
            "6": {
                "p": 0.02676250191160728,
                "tables_count": 10
            },
            "7": {
                "p": 0.08885150634653617,
                "tables_count": 10
            },
            "8": {
                "p": 0.014681143905795993,
                "tables_count": 10
            },
            "9": {
                "p": 0.017586786970484783,
                "tables_count": 10
            },
            "10": {
                "p": 0.04511393179385227,
                "tables_count": 10
            },
            "11": {
                "p": 0.05857164704083193,
                "tables_count": 10
            },
            "12": {
                "p": 0.04419636029974002,
                "tables_count": 10
            },
            "13": {
                "p": 0.049243003517357394,
                "tables_count": 10
            },
            "14": {
                "p": 0.010246215017586787,
                "tables_count": 10
            },
            "15": {
                "p": 0.12693072335219452,
                "tables_count": 10
            },
            "16": {
                "p": 0.035632359688025694,
                "tables_count": 10
            },
            "17": {
                "p": 0.004893714635265331,
                "tables_count": 10
            },
            "18": {
                "p": 0.029209359229239944,
                "tables_count": 10
            },
            "19": {
                "p": 0.07982871998776571,
                "tables_count": 10
            },
            "20": {
                "p": 0.014528215323443951,
                "tables_count": 10
            },
            "21": {
                "p": 0.03135035938216853,
                "tables_count": 10
            },
            "22": {
                "p": 0.02385685884691849,
                "tables_count": 10
            },
            "23": {
                "p": 0.06331243309374522,
                "tables_count": 10
            },
            "24": {
                "p": 0.050619360758525765,
                "tables_count": 10
            }
        },
        "hourly_distribution_w": {
            "1": {
                "p": 0.05627705627705628,
                "tables_count": 10
            },
            "2": {
                "p": 0.00021645021645021645,
                "tables_count": 10
            },
            "3": {
                "p": 0.11168831168831168,
                "tables_count": 10
            },
            "4": {
                "p": 0.004545454545454545,
                "tables_count": 10
            },
            "5": {
                "p": 0.0004329004329004329,
                "tables_count": 10
            },
            "6": {
                "p": 0.021212121212121213,
                "tables_count": 10
            },
            "7": {
                "p": 0.10151515151515152,
                "tables_count": 10
            },
            "8": {
                "p": 0.00367965367965368,
                "tables_count": 10
            },
            "9": {
                "p": 0.005411255411255411,
                "tables_count": 10
            },
            "10": {
                "p": 0.05844155844155844,
                "tables_count": 10
            },
            "11": {
                "p": 0.05432900432900433,
                "tables_count": 10
            },
            "12": {
                "p": 0.06536796536796537,
                "tables_count": 10
            },
            "13": {
                "p": 0.07748917748917748,
                "tables_count": 10
            },
            "14": {
                "p": 0.00021645021645021645,
                "tables_count": 10
            },
            "15": {
                "p": 0.11904761904761904,
                "tables_count": 10
            },
            "16": {
                "p": 0.02813852813852814,
                "tables_count": 10
            },
            "17": {
                "p": 0.002380952380952381,
                "tables_count": 10
            },
            "18": {
                "p": 0.030952380952380953,
                "tables_count": 10
            },
            "19": {
                "p": 0.08398268398268398,
                "tables_count": 10
            },
            "20": {
                "p": 0.004761904761904762,
                "tables_count": 10
            },
            "21": {
                "p": 0.033766233766233764,
                "tables_count": 10
            },
            "22": {
                "p": 0.024242424242424242,
                "tables_count": 10
            },
            "23": {
                "p": 0.05822510822510823,
                "tables_count": 10
            },
            "24": {
                "p": 0.05367965367965368,
                "tables_count": 10
            }
        },
        "start_time": "2024-04-14 11:14:15",
        "duration_h": 24,
        "table_count": 10,
        "tables_read_access_dist": {
            "0": {
              "0": 0.1,
              "1": 0.1,
              "2": 0.0,
              "3": 0.1,
              "4": 0.2,
              "5": 0.1,
              "6": 0.1,
              "7": 0.1,
              "8": 0.1,
              "9": 0.1
            }
        },
        "tables_write_access_dist": {
          "0": {
                "0": 0.1,
                "1": 0.1,
                "2": 0.2,
                "3": 0.1,
                "4": 0.0,
                "5": 0.1,
                "6": 0.1,
                "7": 0.1,
                "8": 0.1,
                "9": 0.1
              }
        }
    },
    "repetitiveness": 0.75,
    "seed": 3
}