{
    "size": 956,
    "repetitiveness": 0.4885,
    "query_type_frequencies": {
        "select": 0.6736,
        "insert": 0.3264,
        "update": 0.0,
        "delete": 0.0
    },
    "spikiness": 0.5664100314797289,
    "std_dev": 0.3480446202669127
}